Entity,Code,Year,Share of the population who are religious
Afghanistan,AFG,2010,99.99135
Afghanistan,AFG,2020,99.99155
Africa,OWID_AFR,2010,97.50711
Africa,OWID_AFR,2020,97.88416
Albania,ALB,2010,90.46257
Albania,ALB,2020,92.347115
Algeria,DZA,2010,98.915276
Algeria,DZA,2020,98.733795
Angola,AGO,2010,95.52315
Angola,AGO,2020,93.88519
Argentina,ARG,2010,90.27249
Argentina,ARG,2020,90.76709
Armenia,ARM,2010,98.79385
Armenia,ARM,2020,98.82212
Aruba,ABW,2010,94.38775
Aruba,ABW,2020,94.126015
Asia,OWID_ASI,2010,68.00084
Asia,OWID_ASI,2020,68.42117
Asia-Pacific (Pew),PEW_APA,2010,66.980705
Asia-Pacific (Pew),PEW_APA,2020,67.15467
Australia,AUS,2010,75.14132
Australia,AUS,2020,57.65598
Austria,AUT,2010,86.49473
Austria,AUT,2020,77.60261
Azerbaijan,AZE,2010,98.9316
Azerbaijan,AZE,2020,95.24005
Bahamas,BHS,2010,98.084206
Bahamas,BHS,2020,98.14312
Bahrain,BHR,2010,99.63177
Bahrain,BHR,2020,99.679924
Bangladesh,BGD,2010,100
Bangladesh,BGD,2020,100
Barbados,BRB,2010,79.19351
Barbados,BRB,2020,79.861046
Belarus,BLR,2010,95.01992
Belarus,BLR,2020,86.22826
Belgium,BEL,2010,67.98737
Belgium,BEL,2020,61.016556
Belize,BLZ,2010,83.993416
Belize,BLZ,2020,84.3704
Benin,BEN,2010,95.600876
Benin,BEN,2020,95.11409
Bhutan,BTN,2010,99.971535
Bhutan,BTN,2020,99.95632
Bolivia,BOL,2010,96.0117
Bolivia,BOL,2020,90.45234
Bosnia and Herzegovina,BIH,2010,98.893036
Bosnia and Herzegovina,BIH,2020,98.95426
Botswana,BWA,2010,85.33732
Botswana,BWA,2020,85.27779
Brazil,BRA,2010,91.88428
Brazil,BRA,2020,86.52672
Brunei,BRN,2010,99.84345
Brunei,BRN,2020,99.843796
Bulgaria,BGR,2010,91.59275
Bulgaria,BGR,2020,89.96784
Burkina Faso,BFA,2010,99.3757
Burkina Faso,BFA,2020,99.4242
Burundi,BDI,2010,98.14089
Burundi,BDI,2020,98.74705
Cambodia,KHM,2010,99.90671
Cambodia,KHM,2020,99.92096
Cameroon,CMR,2010,96.92445
Cameroon,CMR,2020,97.920135
Canada,CAN,2010,76.14522
Canada,CAN,2020,65.37057
Cape Verde,CPV,2010,86.40841
Cape Verde,CPV,2020,79.3838
Central African Republic,CAF,2010,99.00177
Central African Republic,CAF,2020,99.54755
Chad,TCD,2010,97.310486
Chad,TCD,2020,96.86534
Channel Islands,OWID_CIS,2010,85.94011
Channel Islands,OWID_CIS,2020,85.783844
Chile,CHL,2010,86.41838
Chile,CHL,2020,69.73393
China,CHN,2010,12.577994
China,CHN,2020,10.376869
Colombia,COL,2010,92.755844
Colombia,COL,2020,90.0564
Comoros,COM,2010,99.86997
Comoros,COM,2020,99.87
Congo,COG,2010,94.36776
Congo,COG,2020,94.80081
Costa Rica,CRI,2010,92.45545
Costa Rica,CRI,2020,89.901405
Cote d'Ivoire,CIV,2010,89.991684
Cote d'Ivoire,CIV,2020,94.435646
Croatia,HRV,2010,95.32783
Croatia,HRV,2020,93.34217
Cuba,CUB,2010,76.46236
Cuba,CUB,2020,78.39216
Curacao,CUW,2010,94.1174
Curacao,CUW,2020,94.07378
Cyprus,CYP,2010,93.51679
Cyprus,CYP,2020,93.42991
Czechia,CZE,2010,31.46232
Czechia,CZE,2020,27.186573
Democratic Republic of Congo,COD,2010,98.57817
Democratic Republic of Congo,COD,2020,98.82445
Denmark,DNK,2010,85.50286
Denmark,DNK,2020,83.36909
Djibouti,DJI,2010,98.88505
Djibouti,DJI,2020,98.89869
Dominican Republic,DOM,2010,85.05826
Dominican Republic,DOM,2020,80.39891
East Timor,TLS,2010,99.82361
East Timor,TLS,2020,99.93614
Ecuador,ECU,2010,95.73057
Ecuador,ECU,2020,91.608604
Egypt,EGY,2010,99.995415
Egypt,EGY,2020,99.995346
El Salvador,SLV,2010,88.37601
El Salvador,SLV,2020,88.118004
Equatorial Guinea,GNQ,2010,95.012695
Equatorial Guinea,GNQ,2020,95.012695
Eritrea,ERI,2010,98.96114
Eritrea,ERI,2020,98.93885
Estonia,EST,2010,68.493004
Estonia,EST,2020,56.39712
Eswatini,SWZ,2010,96.012245
Eswatini,SWZ,2020,93.844025
Ethiopia,ETH,2010,99.93724
Ethiopia,ETH,2020,99.937675
Europe,OWID_EUR,2010,81.1586
Europe,OWID_EUR,2020,74.5761
Europe (Pew),PEW_EUR,2010,81.294556
Europe (Pew),PEW_EUR,2020,74.72331
Fiji,FJI,2010,99.74493
Fiji,FJI,2020,99.74867
Finland,FIN,2010,83.42949
Finland,FIN,2020,74.95278
France,FRA,2010,65.517784
France,FRA,2020,57.354248
French Guiana,GUF,2010,96.6691
French Guiana,GUF,2020,96.59236
French Polynesia,PYF,2010,95.07792
French Polynesia,PYF,2020,94.964485
Gabon,GAB,2010,92.205696
Gabon,GAB,2020,94.23796
Gambia,GMB,2010,99.969124
Gambia,GMB,2020,99.98206
Georgia,GEO,2010,99.562386
Georgia,GEO,2020,99.01169
Germany,DEU,2010,68.18405
Germany,DEU,2020,63.8523
Ghana,GHA,2010,94.72976
Ghana,GHA,2020,98.93165
Greece,GRC,2010,96.323906
Greece,GRC,2020,95.25762
Grenada,GRD,2010,94.226944
Grenada,GRD,2020,94.226944
Guadeloupe,GLP,2010,97.49251
Guadeloupe,GLP,2020,97.523575
Guam,GUM,2010,98.352974
Guam,GUM,2020,98.16688
Guatemala,GTM,2010,93.91391
Guatemala,GTM,2020,93.97906
Guinea,GIN,2010,96.63837
Guinea,GIN,2020,98.68038
Guinea-Bissau,GNB,2010,97.58545
Guinea-Bissau,GNB,2020,88.377686
Guyana,GUY,2010,96.86549
Guyana,GUY,2020,97.09165
Haiti,HTI,2010,92.36563
Haiti,HTI,2020,90.56531
Honduras,HND,2010,90.434944
Honduras,HND,2020,90.2561
Hong Kong,HKG,2010,31.806076
Hong Kong,HKG,2020,28.645214
Hungary,HUN,2010,75.01662
Hungary,HUN,2020,73.02409
Iceland,ISL,2010,84.12908
Iceland,ISL,2020,80.15458
India,IND,2010,99.99723
India,IND,2020,99.99674
Indonesia,IDN,2010,99.90063
Indonesia,IDN,2020,99.908
Iran,IRN,2010,100
Iran,IRN,2020,99.99995
Iraq,IRQ,2010,99.9991
Iraq,IRQ,2020,99.9992
Ireland,IRL,2010,93.85564
Ireland,IRL,2020,84.39876
Israel,ISR,2010,96.42344
Israel,ISR,2020,95.625336
Italy,ITA,2010,93.26101
Italy,ITA,2020,86.72757
Jamaica,JAM,2010,78.1507
Jamaica,JAM,2020,76.256355
Japan,JPN,2010,47.82006
Japan,JPN,2020,42.54383
Jordan,JOR,2010,99.924835
Jordan,JOR,2020,99.95261
Kazakhstan,KAZ,2010,97.13537
Kazakhstan,KAZ,2020,97.46555
Kenya,KEN,2010,97.59555
Kenya,KEN,2020,98.39656
Kiribati,KIR,2010,99.95453
Kiribati,KIR,2020,99.89952
Kosovo,OWID_KOS,2010,99.85056
Kosovo,OWID_KOS,2020,99.86096
Kuwait,KWT,2010,99.76435
Kuwait,KWT,2020,99.75175
Kyrgyzstan,KGZ,2010,98.4027
Kyrgyzstan,KGZ,2020,98.83022
Laos,LAO,2010,99.93534
Laos,LAO,2020,99.94717
Latin America-Caribbean (Pew),PEW_LAC,2010,92.15929
Latin America-Caribbean (Pew),PEW_LAC,2020,88.06167
Latvia,LVA,2010,89.00514
Latvia,LVA,2020,83.026184
Lebanon,LBN,2010,99.98257
Lebanon,LBN,2020,99.98119
Lesotho,LSO,2010,98.54475
Lesotho,LSO,2020,98.3351
Liberia,LBR,2010,98.546906
Liberia,LBR,2020,98.9335
Libya,LBY,2010,99.90345
Libya,LBY,2020,99.9506
Lithuania,LTU,2010,93.17139
Lithuania,LTU,2020,92.919914
Luxembourg,LUX,2010,79.80217
Luxembourg,LUX,2020,74.713684
Macao,MAC,2010,32.301495
Macao,MAC,2020,32.386032
Madagascar,MDG,2010,77.547035
Madagascar,MDG,2020,77.70416
Malawi,MWI,2010,99.026985
Malawi,MWI,2020,99.05866
Malaysia,MYS,2010,98.311966
Malaysia,MYS,2020,99.15532
Maldives,MDV,2010,99.92256
Maldives,MDV,2020,99.93196
Mali,MLI,2010,98.60308
Mali,MLI,2020,97.47469
Malta,MLT,2010,97.45842
Malta,MLT,2020,94.75504
Martinique,MTQ,2010,97.59451
Martinique,MTQ,2020,97.265396
Mauritania,MRT,2010,99.89768
Mauritania,MRT,2020,99.89349
Mauritius,MUS,2010,99.2674
Mauritius,MUS,2020,99.246666
Mayotte,MYT,2010,99.78551
Mayotte,MYT,2020,99.8204
Mexico,MEX,2010,95.17122
Mexico,MEX,2020,89.36565
Micronesia (country),FSM,2010,99.29935
Micronesia (country),FSM,2020,99.31533
Middle East-North Africa (Pew),PEW_MENA,2010,99.6298
Middle East-North Africa (Pew),PEW_MENA,2020,99.5773
Moldova,MDA,2010,98.69378
Moldova,MDA,2020,99.76614
Mongolia,MNG,2010,62.554348
Mongolia,MNG,2020,59.17213
Montenegro,MNE,2010,98.730484
Montenegro,MNE,2020,98.85657
Morocco,MAR,2010,99.86946
Morocco,MAR,2020,99.86922
Mozambique,MOZ,2010,81.05218
Mozambique,MOZ,2020,85.71246
Myanmar,MMR,2010,99.93565
Myanmar,MMR,2020,99.94135
Namibia,NAM,2010,99.7759
Namibia,NAM,2020,94.36866
Nepal,NPL,2010,99.99812
Nepal,NPL,2020,99.99871
Netherlands,NLD,2010,54.45836
Netherlands,NLD,2020,45.88376
New Caledonia,NCL,2010,90.00911
New Caledonia,NCL,2020,89.47603
New Zealand,NZL,2010,55.81929
New Zealand,NZL,2020,48.645187
Nicaragua,NIC,2010,87.52334
Nicaragua,NIC,2020,86.69583
Niger,NER,2010,99.78734
Niger,NER,2020,98.77578
Nigeria,NGA,2010,99.57613
Nigeria,NGA,2020,99.62069
North America,OWID_NAM,2010,86.17967
North America,OWID_NAM,2020,76.67813
North America (Pew),PEW_NAM,2010,82.81225
North America (Pew),PEW_NAM,2020,69.77472
North Korea,PRK,2010,27.147554
North Korea,PRK,2020,27.132458
North Macedonia,MKD,2010,98.56697
North Macedonia,MKD,2020,99.484344
Norway,NOR,2010,85.322014
Norway,NOR,2020,77.54846
Oceania,OWID_OCE,2010,79.230125
Oceania,OWID_OCE,2020,68.684135
Oman,OMN,2010,99.9239
Oman,OMN,2020,99.859726
Pakistan,PAK,2010,99.98624
Pakistan,PAK,2020,99.98727
Palestine,PSE,2010,100
Palestine,PSE,2020,100
Panama,PAN,2010,93.981766
Panama,PAN,2020,93.78956
Papua New Guinea,PNG,2010,99.62834
Papua New Guinea,PNG,2020,99.68948
Paraguay,PRY,2010,99.50799
Paraguay,PRY,2020,95.75232
Peru,PER,2010,97.18858
Peru,PER,2020,94.893295
Philippines,PHL,2010,99.924194
Philippines,PHL,2020,99.95886
Poland,POL,2010,97.349045
Poland,POL,2020,91.354416
Portugal,PRT,2010,92.7721
Portugal,PRT,2020,86.21906
Puerto Rico,PRI,2010,89.681725
Puerto Rico,PRI,2020,89.62008
Qatar,QAT,2010,99.69968
Qatar,QAT,2020,99.72638
Reunion,REU,2010,97.939476
Reunion,REU,2020,97.912895
Romania,ROU,2010,99.79016
Romania,ROU,2020,99.0604
Russia,RUS,2010,86.96957
Russia,RUS,2020,79.80176
Rwanda,RWA,2010,99.10367
Rwanda,RWA,2020,98.992065
Saint Lucia,LCA,2010,93.9735
Saint Lucia,LCA,2020,94.098724
Saint Vincent and the Grenadines,VCT,2010,92.12687
Saint Vincent and the Grenadines,VCT,2020,92.13609
Samoa,WSM,2010,99.85518
Samoa,WSM,2020,99.93578
Sao Tome and Principe,STP,2010,87.54924
Sao Tome and Principe,STP,2020,90.30676
Saudi Arabia,SAU,2010,99.914116
Saudi Arabia,SAU,2020,99.8879
Senegal,SEN,2010,99.99642
Senegal,SEN,2020,99.979294
Serbia,SRB,2010,98.77815
Serbia,SRB,2020,95.99113
Seychelles,SYC,2010,97.75706
Seychelles,SYC,2020,97.63955
Sierra Leone,SLE,2010,99.903625
Sierra Leone,SLE,2020,99.98796
Singapore,SGP,2010,83.3984
Singapore,SGP,2020,80.10392
Slovakia,SVK,2010,75.30627
Slovakia,SVK,2020,74.67033
Slovenia,SVN,2010,73.556
Slovenia,SVN,2020,67.73261
Solomon Islands,SLB,2010,99.707535
Solomon Islands,SLB,2020,99.672485
Somalia,SOM,2010,99.979034
Somalia,SOM,2020,99.98388
South Africa,ZAF,2010,94.1929
South Africa,ZAF,2020,96.877884
South America,OWID_SAM,2010,92.08667
South America,OWID_SAM,2020,87.7113
South Korea,KOR,2010,58.66052
South Korea,KOR,2020,51.73638
South Sudan,SSD,2010,99.55081
South Sudan,SSD,2020,99.5597
Spain,ESP,2010,81.030624
Spain,ESP,2020,73.64026
Sri Lanka,LKA,2010,99.9821
Sri Lanka,LKA,2020,99.93012
Sub-Saharan Africa (Pew),PEW_SSA,2010,96.912766
Sub-Saharan Africa (Pew),PEW_SSA,2020,97.40853
Sudan,SDN,2010,99.87445
Sudan,SDN,2020,99.43678
Suriname,SUR,2010,92.6273
Suriname,SUR,2020,91.890724
Sweden,SWE,2010,78.529175
Sweden,SWE,2020,71.09362
Switzerland,CHE,2010,79.915665
Switzerland,CHE,2020,69.234856
Syria,SYR,2010,98.06593
Syria,SYR,2020,98.01996
Taiwan,TWN,2010,77.226135
Taiwan,TWN,2020,76.908165
Tajikistan,TJK,2010,99.92545
Tajikistan,TJK,2020,99.92545
Tanzania,TZA,2010,97.822075
Tanzania,TZA,2020,96.52184
Thailand,THA,2010,99.9289
Thailand,THA,2020,99.987366
Togo,TGO,2010,92.43137
Togo,TGO,2020,91.98721
Tonga,TON,2010,99.71973
Tonga,TON,2020,99.418655
Trinidad and Tobago,TTO,2010,97.450226
Trinidad and Tobago,TTO,2020,97.55145
Tunisia,TUN,2010,99.62952
Tunisia,TUN,2020,99.55869
Turkey,TUR,2010,99.81739
Turkey,TUR,2020,97.471
Turkmenistan,TKM,2010,99.4922
Turkmenistan,TKM,2020,99.92811
Uganda,UGA,2010,99.984535
Uganda,UGA,2020,99.90512
Ukraine,UKR,2010,86.76028
Ukraine,UKR,2020,84.85543
United Arab Emirates,ARE,2010,99.69131
United Arab Emirates,ARE,2020,99.66416
United Kingdom,GBR,2010,71.21594
United Kingdom,GBR,2020,59.78184
United States,USA,2010,83.5452
United States,USA,2020,70.270004
United States Virgin Islands,VIR,2010,96.276276
United States Virgin Islands,VIR,2020,95.96832
Uruguay,URY,2010,63.73621
Uruguay,URY,2020,47.590195
Uzbekistan,UZB,2010,99.39568
Uzbekistan,UZB,2020,99.44801
Vanuatu,VUT,2010,98.91526
Vanuatu,VUT,2020,98.633545
Venezuela,VEN,2010,91.568924
Venezuela,VEN,2020,90.27225
Vietnam,VNM,2010,37.855167
Vietnam,VNM,2020,32.32635
Western Sahara,ESH,2010,99.71657
Western Sahara,ESH,2020,99.74705
World,OWID_WRL,2010,76.70783
World,OWID_WRL,2020,75.83811
Yemen,YEM,2010,99.924385
Yemen,YEM,2020,99.938446
Zambia,ZMB,2010,99.92061
Zambia,ZMB,2020,99.94025
Zimbabwe,ZWE,2010,87.5171
Zimbabwe,ZWE,2020,89.46011